,Indicator,Group,State,Subgroup,Phase,Time Period,Time Period Label,Time Period Start Date,Time Period End Date,Value,Low CI,High CI,Confidence Interval
141,Symptoms of Anxiety Disorder or Depressive Disorder,By Age,United States,18 - 29 years,1,1,"Apr 23 - May 5, 2020",2020-04-23,2020-05-05,46.8,44.3,49.3,44.3 - 49.3
142,Symptoms of Anxiety Disorder or Depressive Disorder,By Age,United States,30 - 39 years,1,1,"Apr 23 - May 5, 2020",2020-04-23,2020-05-05,39.6,37.7,41.5,37.7 - 41.5
143,Symptoms of Anxiety Disorder or Depressive Disorder,By Age,United States,40 - 49 years,1,1,"Apr 23 - May 5, 2020",2020-04-23,2020-05-05,38.9,37.2,40.7,37.2 - 40.7
144,Symptoms of Anxiety Disorder or Depressive Disorder,By Age,United States,50 - 59 years,1,1,"Apr 23 - May 5, 2020",2020-04-23,2020-05-05,35.8,34.0,37.7,34.0 - 37.7
145,Symptoms of Anxiety Disorder or Depressive Disorder,By Age,United States,60 - 69 years,1,1,"Apr 23 - May 5, 2020",2020-04-23,2020-05-05,28.9,27.6,30.3,27.6 - 30.3
146,Symptoms of Anxiety Disorder or Depressive Disorder,By Age,United States,70 - 79 years,1,1,"Apr 23 - May 5, 2020",2020-04-23,2020-05-05,21.5,19.3,23.7,19.3 - 23.7
147,Symptoms of Anxiety Disorder or Depressive Disorder,By Age,United States,80 years and above,1,1,"Apr 23 - May 5, 2020",2020-04-23,2020-05-05,21.1,15.6,27.5,15.6 - 27.5
351,Symptoms of Anxiety Disorder or Depressive Disorder,By Age,United States,18 - 29 years,1,2,"May 7 - May 12, 2020",2020-05-07,2020-05-12,47.4,43.4,51.3,43.4 - 51.3
352,Symptoms of Anxiety Disorder or Depressive Disorder,By Age,United States,30 - 39 years,1,2,"May 7 - May 12, 2020",2020-05-07,2020-05-12,39.3,37.4,41.2,37.4 - 41.2
353,Symptoms of Anxiety Disorder or Depressive Disorder,By Age,United States,40 - 49 years,1,2,"May 7 - May 12, 2020",2020-05-07,2020-05-12,36.9,34.1,39.7,34.1 - 39.7
354,Symptoms of Anxiety Disorder or Depressive Disorder,By Age,United States,50 - 59 years,1,2,"May 7 - May 12, 2020",2020-05-07,2020-05-12,35.5,33.0,37.9,33.0 - 37.9
355,Symptoms of Anxiety Disorder or Depressive Disorder,By Age,United States,60 - 69 years,1,2,"May 7 - May 12, 2020",2020-05-07,2020-05-12,25.5,23.2,27.9,23.2 - 27.9
356,Symptoms of Anxiety Disorder or Depressive Disorder,By Age,United States,70 - 79 years,1,2,"May 7 - May 12, 2020",2020-05-07,2020-05-12,19.8,17.7,22.0,17.7 - 22.0
357,Symptoms of Anxiety Disorder or Depressive Disorder,By Age,United States,80 years and above,1,2,"May 7 - May 12, 2020",2020-05-07,2020-05-12,13.9,10.9,17.3,10.9 - 17.3
561,Symptoms of Anxiety Disorder or Depressive Disorder,By Age,United States,18 - 29 years,1,3,"May 14 - May 19, 2020",2020-05-14,2020-05-19,47.7,45.1,50.4,45.1 - 50.4
562,Symptoms of Anxiety Disorder or Depressive Disorder,By Age,United States,30 - 39 years,1,3,"May 14 - May 19, 2020",2020-05-14,2020-05-19,37.8,35.7,39.9,35.7 - 39.9
563,Symptoms of Anxiety Disorder or Depressive Disorder,By Age,United States,40 - 49 years,1,3,"May 14 - May 19, 2020",2020-05-14,2020-05-19,35.3,33.5,37.1,33.5 - 37.1
564,Symptoms of Anxiety Disorder or Depressive Disorder,By Age,United States,50 - 59 years,1,3,"May 14 - May 19, 2020",2020-05-14,2020-05-19,33.7,31.8,35.7,31.8 - 35.7
565,Symptoms of Anxiety Disorder or Depressive Disorder,By Age,United States,60 - 69 years,1,3,"May 14 - May 19, 2020",2020-05-14,2020-05-19,26.4,24.7,28.1,24.7 - 28.1
566,Symptoms of Anxiety Disorder or Depressive Disorder,By Age,United States,70 - 79 years,1,3,"May 14 - May 19, 2020",2020-05-14,2020-05-19,18.3,16.3,20.4,16.3 - 20.4
567,Symptoms of Anxiety Disorder or Depressive Disorder,By Age,United States,80 years and above,1,3,"May 14 - May 19, 2020",2020-05-14,2020-05-19,17.1,13.4,21.5,13.4 - 21.5
771,Symptoms of Anxiety Disorder or Depressive Disorder,By Age,United States,18 - 29 years,1,4,"May 21 - May 26, 2020",2020-05-21,2020-05-26,46.6,44.0,49.2,44.0 - 49.2
772,Symptoms of Anxiety Disorder or Depressive Disorder,By Age,United States,30 - 39 years,1,4,"May 21 - May 26, 2020",2020-05-21,2020-05-26,39.5,37.9,41.1,37.9 - 41.1
773,Symptoms of Anxiety Disorder or Depressive Disorder,By Age,United States,40 - 49 years,1,4,"May 21 - May 26, 2020",2020-05-21,2020-05-26,35.7,34.2,37.4,34.2 - 37.4
774,Symptoms of Anxiety Disorder or Depressive Disorder,By Age,United States,50 - 59 years,1,4,"May 21 - May 26, 2020",2020-05-21,2020-05-26,33.7,32.0,35.4,32.0 - 35.4
775,Symptoms of Anxiety Disorder or Depressive Disorder,By Age,United States,60 - 69 years,1,4,"May 21 - May 26, 2020",2020-05-21,2020-05-26,27.4,25.7,29.1,25.7 - 29.1
776,Symptoms of Anxiety Disorder or Depressive Disorder,By Age,United States,70 - 79 years,1,4,"May 21 - May 26, 2020",2020-05-21,2020-05-26,18.8,16.5,21.2,16.5 - 21.2
777,Symptoms of Anxiety Disorder or Depressive Disorder,By Age,United States,80 years and above,1,4,"May 21 - May 26, 2020",2020-05-21,2020-05-26,20.1,14.0,27.5,14.0 - 27.5
981,Symptoms of Anxiety Disorder or Depressive Disorder,By Age,United States,18 - 29 years,1,5,"May 28 - June 2, 2020",2020-05-28,2020-06-02,49.3,47.4,51.2,47.4 - 51.2
982,Symptoms of Anxiety Disorder or Depressive Disorder,By Age,United States,30 - 39 years,1,5,"May 28 - June 2, 2020",2020-05-28,2020-06-02,40.6,39.2,42.0,39.2 - 42.0
983,Symptoms of Anxiety Disorder or Depressive Disorder,By Age,United States,40 - 49 years,1,5,"May 28 - June 2, 2020",2020-05-28,2020-06-02,36.9,35.3,38.6,35.3 - 38.6
984,Symptoms of Anxiety Disorder or Depressive Disorder,By Age,United States,50 - 59 years,1,5,"May 28 - June 2, 2020",2020-05-28,2020-06-02,33.6,31.9,35.4,31.9 - 35.4
985,Symptoms of Anxiety Disorder or Depressive Disorder,By Age,United States,60 - 69 years,1,5,"May 28 - June 2, 2020",2020-05-28,2020-06-02,27.0,25.6,28.5,25.6 - 28.5
986,Symptoms of Anxiety Disorder or Depressive Disorder,By Age,United States,70 - 79 years,1,5,"May 28 - June 2, 2020",2020-05-28,2020-06-02,21.7,19.3,24.2,19.3 - 24.2
987,Symptoms of Anxiety Disorder or Depressive Disorder,By Age,United States,80 years and above,1,5,"May 28 - June 2, 2020",2020-05-28,2020-06-02,19.2,14.7,24.4,14.7 - 24.4
1191,Symptoms of Anxiety Disorder or Depressive Disorder,By Age,United States,18 - 29 years,1,6,"June 4 - June 9, 2020",2020-06-04,2020-06-09,49.3,46.8,51.8,46.8 - 51.8
1192,Symptoms of Anxiety Disorder or Depressive Disorder,By Age,United States,30 - 39 years,1,6,"June 4 - June 9, 2020",2020-06-04,2020-06-09,41.5,39.7,43.3,39.7 - 43.3
1193,Symptoms of Anxiety Disorder or Depressive Disorder,By Age,United States,40 - 49 years,1,6,"June 4 - June 9, 2020",2020-06-04,2020-06-09,39.0,37.2,40.9,37.2 - 40.9
1194,Symptoms of Anxiety Disorder or Depressive Disorder,By Age,United States,50 - 59 years,1,6,"June 4 - June 9, 2020",2020-06-04,2020-06-09,36.0,34.0,38.1,34.0 - 38.1
1195,Symptoms of Anxiety Disorder or Depressive Disorder,By Age,United States,60 - 69 years,1,6,"June 4 - June 9, 2020",2020-06-04,2020-06-09,27.4,25.4,29.5,25.4 - 29.5
1196,Symptoms of Anxiety Disorder or Depressive Disorder,By Age,United States,70 - 79 years,1,6,"June 4 - June 9, 2020",2020-06-04,2020-06-09,19.0,16.9,21.3,16.9 - 21.3
1197,Symptoms of Anxiety Disorder or Depressive Disorder,By Age,United States,80 years and above,1,6,"June 4 - June 9, 2020",2020-06-04,2020-06-09,18.6,13.9,24.0,13.9 - 24.0
1401,Symptoms of Anxiety Disorder or Depressive Disorder,By Age,United States,18 - 29 years,1,7,"June 11 - June 16, 2020",2020-06-11,2020-06-16,48.7,45.5,51.8,45.5 - 51.8
1402,Symptoms of Anxiety Disorder or Depressive Disorder,By Age,United States,30 - 39 years,1,7,"June 11 - June 16, 2020",2020-06-11,2020-06-16,40.3,38.5,42.1,38.5 - 42.1
1403,Symptoms of Anxiety Disorder or Depressive Disorder,By Age,United States,40 - 49 years,1,7,"June 11 - June 16, 2020",2020-06-11,2020-06-16,38.4,36.5,40.2,36.5 - 40.2
1404,Symptoms of Anxiety Disorder or Depressive Disorder,By Age,United States,50 - 59 years,1,7,"June 11 - June 16, 2020",2020-06-11,2020-06-16,35.8,33.6,38.0,33.6 - 38.0
1405,Symptoms of Anxiety Disorder or Depressive Disorder,By Age,United States,60 - 69 years,1,7,"June 11 - June 16, 2020",2020-06-11,2020-06-16,27.7,26.0,29.4,26.0 - 29.4
1406,Symptoms of Anxiety Disorder or Depressive Disorder,By Age,United States,70 - 79 years,1,7,"June 11 - June 16, 2020",2020-06-11,2020-06-16,21.7,19.2,24.3,19.2 - 24.3
1407,Symptoms of Anxiety Disorder or Depressive Disorder,By Age,United States,80 years and above,1,7,"June 11 - June 16, 2020",2020-06-11,2020-06-16,17.6,13.4,22.4,13.4 - 22.4
1611,Symptoms of Anxiety Disorder or Depressive Disorder,By Age,United States,18 - 29 years,1,8,"June 18 - June 23, 2020",2020-06-18,2020-06-23,50.0,47.6,52.4,47.6 - 52.4
1612,Symptoms of Anxiety Disorder or Depressive Disorder,By Age,United States,30 - 39 years,1,8,"June 18 - June 23, 2020",2020-06-18,2020-06-23,40.8,39.3,42.4,39.3 - 42.4
1613,Symptoms of Anxiety Disorder or Depressive Disorder,By Age,United States,40 - 49 years,1,8,"June 18 - June 23, 2020",2020-06-18,2020-06-23,38.5,37.0,40.0,37.0 - 40.0
1614,Symptoms of Anxiety Disorder or Depressive Disorder,By Age,United States,50 - 59 years,1,8,"June 18 - June 23, 2020",2020-06-18,2020-06-23,36.3,34.5,38.2,34.5 - 38.2
1615,Symptoms of Anxiety Disorder or Depressive Disorder,By Age,United States,60 - 69 years,1,8,"June 18 - June 23, 2020",2020-06-18,2020-06-23,27.4,25.7,29.1,25.7 - 29.1
1616,Symptoms of Anxiety Disorder or Depressive Disorder,By Age,United States,70 - 79 years,1,8,"June 18 - June 23, 2020",2020-06-18,2020-06-23,19.3,17.2,21.6,17.2 - 21.6
1617,Symptoms of Anxiety Disorder or Depressive Disorder,By Age,United States,80 years and above,1,8,"June 18 - June 23, 2020",2020-06-18,2020-06-23,14.6,10.8,19.2,10.8 - 19.2
1821,Symptoms of Anxiety Disorder or Depressive Disorder,By Age,United States,18 - 29 years,1,9,"June 25 - June 30, 2020",2020-06-25,2020-06-30,49.4,47.2,51.5,47.2 - 51.5
1822,Symptoms of Anxiety Disorder or Depressive Disorder,By Age,United States,30 - 39 years,1,9,"June 25 - June 30, 2020",2020-06-25,2020-06-30,44.1,42.5,45.8,42.5 - 45.8
1823,Symptoms of Anxiety Disorder or Depressive Disorder,By Age,United States,40 - 49 years,1,9,"June 25 - June 30, 2020",2020-06-25,2020-06-30,39.7,38.1,41.3,38.1 - 41.3
1824,Symptoms of Anxiety Disorder or Depressive Disorder,By Age,United States,50 - 59 years,1,9,"June 25 - June 30, 2020",2020-06-25,2020-06-30,37.4,35.8,39.1,35.8 - 39.1
1825,Symptoms of Anxiety Disorder or Depressive Disorder,By Age,United States,60 - 69 years,1,9,"June 25 - June 30, 2020",2020-06-25,2020-06-30,29.1,27.5,30.6,27.5 - 30.6
1826,Symptoms of Anxiety Disorder or Depressive Disorder,By Age,United States,70 - 79 years,1,9,"June 25 - June 30, 2020",2020-06-25,2020-06-30,23.4,21.2,25.8,21.2 - 25.8
1827,Symptoms of Anxiety Disorder or Depressive Disorder,By Age,United States,80 years and above,1,9,"June 25 - June 30, 2020",2020-06-25,2020-06-30,20.5,15.8,25.9,15.8 - 25.9
2031,Symptoms of Anxiety Disorder or Depressive Disorder,By Age,United States,18 - 29 years,1,10,"July 2 - July 7, 2020",2020-07-02,2020-07-07,50.4,47.7,53.0,47.7 - 53.0
2032,Symptoms of Anxiety Disorder or Depressive Disorder,By Age,United States,30 - 39 years,1,10,"July 2 - July 7, 2020",2020-07-02,2020-07-07,45.9,44.5,47.3,44.5 - 47.3
2033,Symptoms of Anxiety Disorder or Depressive Disorder,By Age,United States,40 - 49 years,1,10,"July 2 - July 7, 2020",2020-07-02,2020-07-07,40.0,38.5,41.5,38.5 - 41.5
2034,Symptoms of Anxiety Disorder or Depressive Disorder,By Age,United States,50 - 59 years,1,10,"July 2 - July 7, 2020",2020-07-02,2020-07-07,38.3,36.5,40.0,36.5 - 40.0
2035,Symptoms of Anxiety Disorder or Depressive Disorder,By Age,United States,60 - 69 years,1,10,"July 2 - July 7, 2020",2020-07-02,2020-07-07,30.8,29.3,32.3,29.3 - 32.3
2036,Symptoms of Anxiety Disorder or Depressive Disorder,By Age,United States,70 - 79 years,1,10,"July 2 - July 7, 2020",2020-07-02,2020-07-07,24.5,22.5,26.7,22.5 - 26.7
2037,Symptoms of Anxiety Disorder or Depressive Disorder,By Age,United States,80 years and above,1,10,"July 2 - July 7, 2020",2020-07-02,2020-07-07,25.6,20.5,31.1,20.5 - 31.1
2241,Symptoms of Anxiety Disorder or Depressive Disorder,By Age,United States,18 - 29 years,1,11,"July 9 - July 14, 2020",2020-07-09,2020-07-14,55.0,52.7,57.2,52.7 - 57.2
2242,Symptoms of Anxiety Disorder or Depressive Disorder,By Age,United States,30 - 39 years,1,11,"July 9 - July 14, 2020",2020-07-09,2020-07-14,46.8,45.2,48.4,45.2 - 48.4
2243,Symptoms of Anxiety Disorder or Depressive Disorder,By Age,United States,40 - 49 years,1,11,"July 9 - July 14, 2020",2020-07-09,2020-07-14,41.6,39.8,43.3,39.8 - 43.3
2244,Symptoms of Anxiety Disorder or Depressive Disorder,By Age,United States,50 - 59 years,1,11,"July 9 - July 14, 2020",2020-07-09,2020-07-14,39.8,37.7,41.8,37.7 - 41.8
2245,Symptoms of Anxiety Disorder or Depressive Disorder,By Age,United States,60 - 69 years,1,11,"July 9 - July 14, 2020",2020-07-09,2020-07-14,31.8,29.7,34.0,29.7 - 34.0
2246,Symptoms of Anxiety Disorder or Depressive Disorder,By Age,United States,70 - 79 years,1,11,"July 9 - July 14, 2020",2020-07-09,2020-07-14,21.4,19.4,23.6,19.4 - 23.6
2247,Symptoms of Anxiety Disorder or Depressive Disorder,By Age,United States,80 years and above,1,11,"July 9 - July 14, 2020",2020-07-09,2020-07-14,18.9,15.3,23.0,15.3 - 23.0
2451,Symptoms of Anxiety Disorder or Depressive Disorder,By Age,United States,18 - 29 years,1,12,"July 16 - July 21, 2020",2020-07-16,2020-07-21,53.4,51.3,55.6,51.3 - 55.6
2452,Symptoms of Anxiety Disorder or Depressive Disorder,By Age,United States,30 - 39 years,1,12,"July 16 - July 21, 2020",2020-07-16,2020-07-21,47.1,45.2,48.9,45.2 - 48.9
2453,Symptoms of Anxiety Disorder or Depressive Disorder,By Age,United States,40 - 49 years,1,12,"July 16 - July 21, 2020",2020-07-16,2020-07-21,44.5,42.4,46.5,42.4 - 46.5
2454,Symptoms of Anxiety Disorder or Depressive Disorder,By Age,United States,50 - 59 years,1,12,"July 16 - July 21, 2020",2020-07-16,2020-07-21,40.0,38.2,41.9,38.2 - 41.9
2455,Symptoms of Anxiety Disorder or Depressive Disorder,By Age,United States,60 - 69 years,1,12,"July 16 - July 21, 2020",2020-07-16,2020-07-21,32.1,30.3,34.0,30.3 - 34.0
2456,Symptoms of Anxiety Disorder or Depressive Disorder,By Age,United States,70 - 79 years,1,12,"July 16 - July 21, 2020",2020-07-16,2020-07-21,24.3,21.9,26.8,21.9 - 26.8
2457,Symptoms of Anxiety Disorder or Depressive Disorder,By Age,United States,80 years and above,1,12,"July 16 - July 21, 2020",2020-07-16,2020-07-21,17.5,14.3,21.0,14.3 - 21.0
2718,Symptoms of Anxiety Disorder or Depressive Disorder,By Age,United States,18 - 29 years,2,13,"Aug 19 - Aug 31, 2020",2020-08-19,2020-08-31,49.0,47.5,50.5,47.5 - 50.5
2719,Symptoms of Anxiety Disorder or Depressive Disorder,By Age,United States,30 - 39 years,2,13,"Aug 19 - Aug 31, 2020",2020-08-19,2020-08-31,42.5,40.8,44.1,40.8 - 44.1
2720,Symptoms of Anxiety Disorder or Depressive Disorder,By Age,United States,40 - 49 years,2,13,"Aug 19 - Aug 31, 2020",2020-08-19,2020-08-31,37.6,36.3,39.0,36.3 - 39.0
2721,Symptoms of Anxiety Disorder or Depressive Disorder,By Age,United States,50 - 59 years,2,13,"Aug 19 - Aug 31, 2020",2020-08-19,2020-08-31,34.9,33.6,36.3,33.6 - 36.3
2722,Symptoms of Anxiety Disorder or Depressive Disorder,By Age,United States,60 - 69 years,2,13,"Aug 19 - Aug 31, 2020",2020-08-19,2020-08-31,29.3,28.0,30.6,28.0 - 30.6
2723,Symptoms of Anxiety Disorder or Depressive Disorder,By Age,United States,70 - 79 years,2,13,"Aug 19 - Aug 31, 2020",2020-08-19,2020-08-31,23.2,21.6,25.0,21.6 - 25.0
2724,Symptoms of Anxiety Disorder or Depressive Disorder,By Age,United States,80 years and above,2,13,"Aug 19 - Aug 31, 2020",2020-08-19,2020-08-31,19.4,16.3,22.9,16.3 - 22.9
2928,Symptoms of Anxiety Disorder or Depressive Disorder,By Age,United States,18 - 29 years,2,14,"Sep 2 - Sep 14, 2020",2020-09-02,2020-09-14,47.3,45.0,49.5,45.0 - 49.5
2929,Symptoms of Anxiety Disorder or Depressive Disorder,By Age,United States,30 - 39 years,2,14,"Sep 2 - Sep 14, 2020",2020-09-02,2020-09-14,41.8,40.6,43.0,40.6 - 43.0
2930,Symptoms of Anxiety Disorder or Depressive Disorder,By Age,United States,40 - 49 years,2,14,"Sep 2 - Sep 14, 2020",2020-09-02,2020-09-14,38.2,36.9,39.5,36.9 - 39.5
2931,Symptoms of Anxiety Disorder or Depressive Disorder,By Age,United States,50 - 59 years,2,14,"Sep 2 - Sep 14, 2020",2020-09-02,2020-09-14,35.0,33.4,36.5,33.4 - 36.5
2932,Symptoms of Anxiety Disorder or Depressive Disorder,By Age,United States,60 - 69 years,2,14,"Sep 2 - Sep 14, 2020",2020-09-02,2020-09-14,29.3,28.3,30.4,28.3 - 30.4
2933,Symptoms of Anxiety Disorder or Depressive Disorder,By Age,United States,70 - 79 years,2,14,"Sep 2 - Sep 14, 2020",2020-09-02,2020-09-14,23.1,21.3,24.9,21.3 - 24.9
2934,Symptoms of Anxiety Disorder or Depressive Disorder,By Age,United States,80 years and above,2,14,"Sep 2 - Sep 14, 2020",2020-09-02,2020-09-14,22.3,18.2,26.7,18.2 - 26.7
3138,Symptoms of Anxiety Disorder or Depressive Disorder,By Age,United States,18 - 29 years,2,15,"Sep 16 - Sep 28, 2020",2020-09-16,2020-09-28,49.9,47.9,51.9,47.9 - 51.9
3139,Symptoms of Anxiety Disorder or Depressive Disorder,By Age,United States,30 - 39 years,2,15,"Sep 16 - Sep 28, 2020",2020-09-16,2020-09-28,43.0,41.4,44.6,41.4 - 44.6
3140,Symptoms of Anxiety Disorder or Depressive Disorder,By Age,United States,40 - 49 years,2,15,"Sep 16 - Sep 28, 2020",2020-09-16,2020-09-28,39.0,37.7,40.2,37.7 - 40.2
3141,Symptoms of Anxiety Disorder or Depressive Disorder,By Age,United States,50 - 59 years,2,15,"Sep 16 - Sep 28, 2020",2020-09-16,2020-09-28,35.6,34.2,37.0,34.2 - 37.0
3142,Symptoms of Anxiety Disorder or Depressive Disorder,By Age,United States,60 - 69 years,2,15,"Sep 16 - Sep 28, 2020",2020-09-16,2020-09-28,30.7,29.3,32.0,29.3 - 32.0
3143,Symptoms of Anxiety Disorder or Depressive Disorder,By Age,United States,70 - 79 years,2,15,"Sep 16 - Sep 28, 2020",2020-09-16,2020-09-28,23.5,21.5,25.6,21.5 - 25.6
3144,Symptoms of Anxiety Disorder or Depressive Disorder,By Age,United States,80 years and above,2,15,"Sep 16 - Sep 28, 2020",2020-09-16,2020-09-28,19.1,15.9,22.5,15.9 - 22.5
3348,Symptoms of Anxiety Disorder or Depressive Disorder,By Age,United States,18 - 29 years,2,16,"Sep 30 - Oct 12, 2020",2020-09-30,2020-10-12,52.8,50.5,55.1,50.5 - 55.1
3349,Symptoms of Anxiety Disorder or Depressive Disorder,By Age,United States,30 - 39 years,2,16,"Sep 30 - Oct 12, 2020",2020-09-30,2020-10-12,43.2,41.7,44.7,41.7 - 44.7
3350,Symptoms of Anxiety Disorder or Depressive Disorder,By Age,United States,40 - 49 years,2,16,"Sep 30 - Oct 12, 2020",2020-09-30,2020-10-12,39.9,38.4,41.5,38.4 - 41.5
3351,Symptoms of Anxiety Disorder or Depressive Disorder,By Age,United States,50 - 59 years,2,16,"Sep 30 - Oct 12, 2020",2020-09-30,2020-10-12,34.8,33.5,36.2,33.5 - 36.2
3352,Symptoms of Anxiety Disorder or Depressive Disorder,By Age,United States,60 - 69 years,2,16,"Sep 30 - Oct 12, 2020",2020-09-30,2020-10-12,29.5,28.2,30.9,28.2 - 30.9
3353,Symptoms of Anxiety Disorder or Depressive Disorder,By Age,United States,70 - 79 years,2,16,"Sep 30 - Oct 12, 2020",2020-09-30,2020-10-12,22.8,21.1,24.6,21.1 - 24.6
3354,Symptoms of Anxiety Disorder or Depressive Disorder,By Age,United States,80 years and above,2,16,"Sep 30 - Oct 12, 2020",2020-09-30,2020-10-12,17.9,15.0,21.1,15.0 - 21.1
3558,Symptoms of Anxiety Disorder or Depressive Disorder,By Age,United States,18 - 29 years,2,17,"Oct 14 - Oct 26, 2020",2020-10-14,2020-10-26,52.1,49.8,54.4,49.8 - 54.4
3559,Symptoms of Anxiety Disorder or Depressive Disorder,By Age,United States,30 - 39 years,2,17,"Oct 14 - Oct 26, 2020",2020-10-14,2020-10-26,44.9,43.4,46.5,43.4 - 46.5
3560,Symptoms of Anxiety Disorder or Depressive Disorder,By Age,United States,40 - 49 years,2,17,"Oct 14 - Oct 26, 2020",2020-10-14,2020-10-26,39.7,38.0,41.3,38.0 - 41.3
3561,Symptoms of Anxiety Disorder or Depressive Disorder,By Age,United States,50 - 59 years,2,17,"Oct 14 - Oct 26, 2020",2020-10-14,2020-10-26,34.8,33.3,36.3,33.3 - 36.3
3562,Symptoms of Anxiety Disorder or Depressive Disorder,By Age,United States,60 - 69 years,2,17,"Oct 14 - Oct 26, 2020",2020-10-14,2020-10-26,30.7,29.1,32.3,29.1 - 32.3
3563,Symptoms of Anxiety Disorder or Depressive Disorder,By Age,United States,70 - 79 years,2,17,"Oct 14 - Oct 26, 2020",2020-10-14,2020-10-26,23.1,21.2,25.0,21.2 - 25.0
3564,Symptoms of Anxiety Disorder or Depressive Disorder,By Age,United States,80 years and above,2,17,"Oct 14 - Oct 26, 2020",2020-10-14,2020-10-26,19.3,14.7,24.7,14.7 - 24.7
3768,Symptoms of Anxiety Disorder or Depressive Disorder,By Age,United States,18 - 29 years,3 (Oct 28 � Dec 21),18,"Oct 28 - Nov 9, 2020",2020-10-28,2020-11-09,58.7,55.8,61.5,55.8 - 61.5
3769,Symptoms of Anxiety Disorder or Depressive Disorder,By Age,United States,30 - 39 years,3 (Oct 28 � Dec 21),18,"Oct 28 - Nov 9, 2020",2020-10-28,2020-11-09,49.5,47.1,51.9,47.1 - 51.9
3770,Symptoms of Anxiety Disorder or Depressive Disorder,By Age,United States,40 - 49 years,3 (Oct 28 � Dec 21),18,"Oct 28 - Nov 9, 2020",2020-10-28,2020-11-09,42.6,40.9,44.4,40.9 - 44.4
3771,Symptoms of Anxiety Disorder or Depressive Disorder,By Age,United States,50 - 59 years,3 (Oct 28 � Dec 21),18,"Oct 28 - Nov 9, 2020",2020-10-28,2020-11-09,38.6,36.5,40.7,36.5 - 40.7
3772,Symptoms of Anxiety Disorder or Depressive Disorder,By Age,United States,60 - 69 years,3 (Oct 28 � Dec 21),18,"Oct 28 - Nov 9, 2020",2020-10-28,2020-11-09,32.9,31.0,34.8,31.0 - 34.8
3773,Symptoms of Anxiety Disorder or Depressive Disorder,By Age,United States,70 - 79 years,3 (Oct 28 � Dec 21),18,"Oct 28 - Nov 9, 2020",2020-10-28,2020-11-09,26.6,24.3,29.0,24.3 - 29.0
3774,Symptoms of Anxiety Disorder or Depressive Disorder,By Age,United States,80 years and above,3 (Oct 28 � Dec 21),18,"Oct 28 - Nov 9, 2020",2020-10-28,2020-11-09,18.4,14.6,22.7,14.6 - 22.7
3978,Symptoms of Anxiety Disorder or Depressive Disorder,By Age,United States,18 - 29 years,3 (Oct 28 � Dec 21),19,"Nov 11 - Nov 23, 2020",2020-11-11,2020-11-23,58.1,55.4,60.7,55.4 - 60.7
3979,Symptoms of Anxiety Disorder or Depressive Disorder,By Age,United States,30 - 39 years,3 (Oct 28 � Dec 21),19,"Nov 11 - Nov 23, 2020",2020-11-11,2020-11-23,48.4,46.4,50.5,46.4 - 50.5
3980,Symptoms of Anxiety Disorder or Depressive Disorder,By Age,United States,40 - 49 years,3 (Oct 28 � Dec 21),19,"Nov 11 - Nov 23, 2020",2020-11-11,2020-11-23,45.6,43.8,47.4,43.8 - 47.4
3981,Symptoms of Anxiety Disorder or Depressive Disorder,By Age,United States,50 - 59 years,3 (Oct 28 � Dec 21),19,"Nov 11 - Nov 23, 2020",2020-11-11,2020-11-23,40.2,38.7,41.7,38.7 - 41.7
3982,Symptoms of Anxiety Disorder or Depressive Disorder,By Age,United States,60 - 69 years,3 (Oct 28 � Dec 21),19,"Nov 11 - Nov 23, 2020",2020-11-11,2020-11-23,34.2,32.4,36.0,32.4 - 36.0
3983,Symptoms of Anxiety Disorder or Depressive Disorder,By Age,United States,70 - 79 years,3 (Oct 28 � Dec 21),19,"Nov 11 - Nov 23, 2020",2020-11-11,2020-11-23,28.6,26.3,31.0,26.3 - 31.0
3984,Symptoms of Anxiety Disorder or Depressive Disorder,By Age,United States,80 years and above,3 (Oct 28 � Dec 21),19,"Nov 11 - Nov 23, 2020",2020-11-11,2020-11-23,24.1,19.4,29.3,19.4 - 29.3
4188,Symptoms of Anxiety Disorder or Depressive Disorder,By Age,United States,18 - 29 years,3 (Oct 28 � Dec 21),20,"Nov 25 - Dec 7, 2020",2020-11-25,2020-12-07,56.5,54.3,58.7,54.3 - 58.7
4189,Symptoms of Anxiety Disorder or Depressive Disorder,By Age,United States,30 - 39 years,3 (Oct 28 � Dec 21),20,"Nov 25 - Dec 7, 2020",2020-11-25,2020-12-07,47.6,46.1,49.2,46.1 - 49.2
4190,Symptoms of Anxiety Disorder or Depressive Disorder,By Age,United States,40 - 49 years,3 (Oct 28 � Dec 21),20,"Nov 25 - Dec 7, 2020",2020-11-25,2020-12-07,45.3,43.3,47.3,43.3 - 47.3
4191,Symptoms of Anxiety Disorder or Depressive Disorder,By Age,United States,50 - 59 years,3 (Oct 28 � Dec 21),20,"Nov 25 - Dec 7, 2020",2020-11-25,2020-12-07,40.0,38.3,41.7,38.3 - 41.7
4192,Symptoms of Anxiety Disorder or Depressive Disorder,By Age,United States,60 - 69 years,3 (Oct 28 � Dec 21),20,"Nov 25 - Dec 7, 2020",2020-11-25,2020-12-07,32.3,30.6,34.1,30.6 - 34.1
4193,Symptoms of Anxiety Disorder or Depressive Disorder,By Age,United States,70 - 79 years,3 (Oct 28 � Dec 21),20,"Nov 25 - Dec 7, 2020",2020-11-25,2020-12-07,26.4,24.0,28.8,24.0 - 28.8
4194,Symptoms of Anxiety Disorder or Depressive Disorder,By Age,United States,80 years and above,3 (Oct 28 � Dec 21),20,"Nov 25 - Dec 7, 2020",2020-11-25,2020-12-07,19.4,15.4,23.9,15.4 - 23.9
4398,Symptoms of Anxiety Disorder or Depressive Disorder,By Age,United States,18 - 29 years,3 (Oct 28 � Dec 21),21,"Dec 9 - Dec 21, 2020",2020-12-09,2020-12-21,56.2,53.5,58.9,53.5 - 58.9
4399,Symptoms of Anxiety Disorder or Depressive Disorder,By Age,United States,30 - 39 years,3 (Oct 28 � Dec 21),21,"Dec 9 - Dec 21, 2020",2020-12-09,2020-12-21,49.1,47.4,50.9,47.4 - 50.9
4400,Symptoms of Anxiety Disorder or Depressive Disorder,By Age,United States,40 - 49 years,3 (Oct 28 � Dec 21),21,"Dec 9 - Dec 21, 2020",2020-12-09,2020-12-21,45.1,43.2,47.0,43.2 - 47.0
4401,Symptoms of Anxiety Disorder or Depressive Disorder,By Age,United States,50 - 59 years,3 (Oct 28 � Dec 21),21,"Dec 9 - Dec 21, 2020",2020-12-09,2020-12-21,41.1,39.5,42.7,39.5 - 42.7
4402,Symptoms of Anxiety Disorder or Depressive Disorder,By Age,United States,60 - 69 years,3 (Oct 28 � Dec 21),21,"Dec 9 - Dec 21, 2020",2020-12-09,2020-12-21,33.6,31.9,35.3,31.9 - 35.3
4403,Symptoms of Anxiety Disorder or Depressive Disorder,By Age,United States,70 - 79 years,3 (Oct 28 � Dec 21),21,"Dec 9 - Dec 21, 2020",2020-12-09,2020-12-21,27.1,25.2,29.1,25.2 - 29.1
4404,Symptoms of Anxiety Disorder or Depressive Disorder,By Age,United States,80 years and above,3 (Oct 28 � Dec 21),21,"Dec 9 - Dec 21, 2020",2020-12-09,2020-12-21,28.3,22.2,35.0,22.2 - 35.0
4665,Symptoms of Anxiety Disorder or Depressive Disorder,By Age,United States,18 - 29 years,3 (Jan 6 � Mar 29),22,"Jan 6 - Jan 18, 2021",2021-01-06,2021-01-18,53.5,50.6,56.5,50.6 - 56.5
4666,Symptoms of Anxiety Disorder or Depressive Disorder,By Age,United States,30 - 39 years,3 (Jan 6 � Mar 29),22,"Jan 6 - Jan 18, 2021",2021-01-06,2021-01-18,45.8,43.8,47.9,43.8 - 47.9
4667,Symptoms of Anxiety Disorder or Depressive Disorder,By Age,United States,40 - 49 years,3 (Jan 6 � Mar 29),22,"Jan 6 - Jan 18, 2021",2021-01-06,2021-01-18,43.9,42.1,45.8,42.1 - 45.8
4668,Symptoms of Anxiety Disorder or Depressive Disorder,By Age,United States,50 - 59 years,3 (Jan 6 � Mar 29),22,"Jan 6 - Jan 18, 2021",2021-01-06,2021-01-18,40.6,38.8,42.4,38.8 - 42.4
4669,Symptoms of Anxiety Disorder or Depressive Disorder,By Age,United States,60 - 69 years,3 (Jan 6 � Mar 29),22,"Jan 6 - Jan 18, 2021",2021-01-06,2021-01-18,34.1,32.5,35.8,32.5 - 35.8
4670,Symptoms of Anxiety Disorder or Depressive Disorder,By Age,United States,70 - 79 years,3 (Jan 6 � Mar 29),22,"Jan 6 - Jan 18, 2021",2021-01-06,2021-01-18,27.9,25.5,30.4,25.5 - 30.4
4671,Symptoms of Anxiety Disorder or Depressive Disorder,By Age,United States,80 years and above,3 (Jan 6 � Mar 29),22,"Jan 6 - Jan 18, 2021",2021-01-06,2021-01-18,27.3,23.2,31.7,23.2 - 31.7
4875,Symptoms of Anxiety Disorder or Depressive Disorder,By Age,United States,18 - 29 years,3 (Jan 6 � Mar 29),23,"Jan 20 - Feb 1, 2021",2021-01-20,2021-02-01,56.9,53.9,59.8,53.9 - 59.8
4876,Symptoms of Anxiety Disorder or Depressive Disorder,By Age,United States,30 - 39 years,3 (Jan 6 � Mar 29),23,"Jan 20 - Feb 1, 2021",2021-01-20,2021-02-01,47.2,45.7,48.7,45.7 - 48.7
4877,Symptoms of Anxiety Disorder or Depressive Disorder,By Age,United States,40 - 49 years,3 (Jan 6 � Mar 29),23,"Jan 20 - Feb 1, 2021",2021-01-20,2021-02-01,41.7,39.6,43.8,39.6 - 43.8
4878,Symptoms of Anxiety Disorder or Depressive Disorder,By Age,United States,50 - 59 years,3 (Jan 6 � Mar 29),23,"Jan 20 - Feb 1, 2021",2021-01-20,2021-02-01,41.3,39.9,42.7,39.9 - 42.7
4879,Symptoms of Anxiety Disorder or Depressive Disorder,By Age,United States,60 - 69 years,3 (Jan 6 � Mar 29),23,"Jan 20 - Feb 1, 2021",2021-01-20,2021-02-01,34.2,32.6,35.9,32.6 - 35.9
4880,Symptoms of Anxiety Disorder or Depressive Disorder,By Age,United States,70 - 79 years,3 (Jan 6 � Mar 29),23,"Jan 20 - Feb 1, 2021",2021-01-20,2021-02-01,26.8,25.1,28.6,25.1 - 28.6
4881,Symptoms of Anxiety Disorder or Depressive Disorder,By Age,United States,80 years and above,3 (Jan 6 � Mar 29),23,"Jan 20 - Feb 1, 2021",2021-01-20,2021-02-01,22.6,19.0,26.5,19.0 - 26.5
5085,Symptoms of Anxiety Disorder or Depressive Disorder,By Age,United States,18 - 29 years,3 (Jan 6 � Mar 29),24,"Feb 3 - Feb 15, 2021",2021-02-03,2021-02-15,56.3,53.7,58.8,53.7 - 58.8
5086,Symptoms of Anxiety Disorder or Depressive Disorder,By Age,United States,30 - 39 years,3 (Jan 6 � Mar 29),24,"Feb 3 - Feb 15, 2021",2021-02-03,2021-02-15,44.3,42.5,46.1,42.5 - 46.1
5087,Symptoms of Anxiety Disorder or Depressive Disorder,By Age,United States,40 - 49 years,3 (Jan 6 � Mar 29),24,"Feb 3 - Feb 15, 2021",2021-02-03,2021-02-15,40.7,39.1,42.3,39.1 - 42.3
5088,Symptoms of Anxiety Disorder or Depressive Disorder,By Age,United States,50 - 59 years,3 (Jan 6 � Mar 29),24,"Feb 3 - Feb 15, 2021",2021-02-03,2021-02-15,36.9,35.1,38.6,35.1 - 38.6
5089,Symptoms of Anxiety Disorder or Depressive Disorder,By Age,United States,60 - 69 years,3 (Jan 6 � Mar 29),24,"Feb 3 - Feb 15, 2021",2021-02-03,2021-02-15,32.6,31.2,34.0,31.2 - 34.0
5090,Symptoms of Anxiety Disorder or Depressive Disorder,By Age,United States,70 - 79 years,3 (Jan 6 � Mar 29),24,"Feb 3 - Feb 15, 2021",2021-02-03,2021-02-15,24.7,23.1,26.4,23.1 - 26.4
5091,Symptoms of Anxiety Disorder or Depressive Disorder,By Age,United States,80 years and above,3 (Jan 6 � Mar 29),24,"Feb 3 - Feb 15, 2021",2021-02-03,2021-02-15,23.3,19.6,27.4,19.6 - 27.4
5295,Symptoms of Anxiety Disorder or Depressive Disorder,By Age,United States,18 - 29 years,3 (Jan 6 � Mar 29),25,"Feb 17 - Mar 1, 2021",2021-02-17,2021-03-01,56.1,53.6,58.6,53.6 - 58.6
5296,Symptoms of Anxiety Disorder or Depressive Disorder,By Age,United States,30 - 39 years,3 (Jan 6 � Mar 29),25,"Feb 17 - Mar 1, 2021",2021-02-17,2021-03-01,45.0,43.2,46.9,43.2 - 46.9
5297,Symptoms of Anxiety Disorder or Depressive Disorder,By Age,United States,40 - 49 years,3 (Jan 6 � Mar 29),25,"Feb 17 - Mar 1, 2021",2021-02-17,2021-03-01,39.8,38.2,41.5,38.2 - 41.5
5298,Symptoms of Anxiety Disorder or Depressive Disorder,By Age,United States,50 - 59 years,3 (Jan 6 � Mar 29),25,"Feb 17 - Mar 1, 2021",2021-02-17,2021-03-01,37.2,35.3,39.2,35.3 - 39.2
5299,Symptoms of Anxiety Disorder or Depressive Disorder,By Age,United States,60 - 69 years,3 (Jan 6 � Mar 29),25,"Feb 17 - Mar 1, 2021",2021-02-17,2021-03-01,30.4,29.0,31.9,29.0 - 31.9
5300,Symptoms of Anxiety Disorder or Depressive Disorder,By Age,United States,70 - 79 years,3 (Jan 6 � Mar 29),25,"Feb 17 - Mar 1, 2021",2021-02-17,2021-03-01,24.3,22.7,26.0,22.7 - 26.0
5301,Symptoms of Anxiety Disorder or Depressive Disorder,By Age,United States,80 years and above,3 (Jan 6 � Mar 29),25,"Feb 17 - Mar 1, 2021",2021-02-17,2021-03-01,22.4,18.9,26.3,18.9 - 26.3
5505,Symptoms of Anxiety Disorder or Depressive Disorder,By Age,United States,18 - 29 years,3 (Jan 6 � Mar 29),26,"Mar 3 - Mar 15, 2021",2021-03-03,2021-03-15,53.1,50.4,55.8,50.4 - 55.8
5506,Symptoms of Anxiety Disorder or Depressive Disorder,By Age,United States,30 - 39 years,3 (Jan 6 � Mar 29),26,"Mar 3 - Mar 15, 2021",2021-03-03,2021-03-15,44.1,42.2,46.0,42.2 - 46.0
5507,Symptoms of Anxiety Disorder or Depressive Disorder,By Age,United States,40 - 49 years,3 (Jan 6 � Mar 29),26,"Mar 3 - Mar 15, 2021",2021-03-03,2021-03-15,37.8,36.4,39.2,36.4 - 39.2
5508,Symptoms of Anxiety Disorder or Depressive Disorder,By Age,United States,50 - 59 years,3 (Jan 6 � Mar 29),26,"Mar 3 - Mar 15, 2021",2021-03-03,2021-03-15,34.7,33.2,36.1,33.2 - 36.1
5509,Symptoms of Anxiety Disorder or Depressive Disorder,By Age,United States,60 - 69 years,3 (Jan 6 � Mar 29),26,"Mar 3 - Mar 15, 2021",2021-03-03,2021-03-15,28.0,26.5,29.4,26.5 - 29.4
5510,Symptoms of Anxiety Disorder or Depressive Disorder,By Age,United States,70 - 79 years,3 (Jan 6 � Mar 29),26,"Mar 3 - Mar 15, 2021",2021-03-03,2021-03-15,21.7,19.9,23.6,19.9 - 23.6
5511,Symptoms of Anxiety Disorder or Depressive Disorder,By Age,United States,80 years and above,3 (Jan 6 � Mar 29),26,"Mar 3 - Mar 15, 2021",2021-03-03,2021-03-15,23.5,18.2,29.5,18.2 - 29.5
5715,Symptoms of Anxiety Disorder or Depressive Disorder,By Age,United States,18 - 29 years,3 (Jan 6 � Mar 29),27,"Mar 17 - Mar 29, 2021",2021-03-17,2021-03-29,50.7,47.8,53.5,47.8 - 53.5
5716,Symptoms of Anxiety Disorder or Depressive Disorder,By Age,United States,30 - 39 years,3 (Jan 6 � Mar 29),27,"Mar 17 - Mar 29, 2021",2021-03-17,2021-03-29,41.6,39.2,44.0,39.2 - 44.0
5717,Symptoms of Anxiety Disorder or Depressive Disorder,By Age,United States,40 - 49 years,3 (Jan 6 � Mar 29),27,"Mar 17 - Mar 29, 2021",2021-03-17,2021-03-29,37.9,36.0,39.8,36.0 - 39.8
5718,Symptoms of Anxiety Disorder or Depressive Disorder,By Age,United States,50 - 59 years,3 (Jan 6 � Mar 29),27,"Mar 17 - Mar 29, 2021",2021-03-17,2021-03-29,31.6,30.1,33.2,30.1 - 33.2
5719,Symptoms of Anxiety Disorder or Depressive Disorder,By Age,United States,60 - 69 years,3 (Jan 6 � Mar 29),27,"Mar 17 - Mar 29, 2021",2021-03-17,2021-03-29,27.0,25.7,28.4,25.7 - 28.4
5720,Symptoms of Anxiety Disorder or Depressive Disorder,By Age,United States,70 - 79 years,3 (Jan 6 � Mar 29),27,"Mar 17 - Mar 29, 2021",2021-03-17,2021-03-29,20.9,19.2,22.8,19.2 - 22.8
5721,Symptoms of Anxiety Disorder or Depressive Disorder,By Age,United States,80 years and above,3 (Jan 6 � Mar 29),27,"Mar 17 - Mar 29, 2021",2021-03-17,2021-03-29,22.5,18.8,26.6,18.8 - 26.6
5986,Symptoms of Anxiety Disorder or Depressive Disorder,By Age,United States,18 - 29 years,3.1,28,"Apr 14 - Apr 26, 2021",2021-04-14,2021-04-26,52.9,49.6,56.2,49.6 - 56.2
5987,Symptoms of Anxiety Disorder or Depressive Disorder,By Age,United States,30 - 39 years,3.1,28,"Apr 14 - Apr 26, 2021",2021-04-14,2021-04-26,38.4,36.4,40.5,36.4 - 40.5
5988,Symptoms of Anxiety Disorder or Depressive Disorder,By Age,United States,40 - 49 years,3.1,28,"Apr 14 - Apr 26, 2021",2021-04-14,2021-04-26,34.9,33.0,36.8,33.0 - 36.8
5989,Symptoms of Anxiety Disorder or Depressive Disorder,By Age,United States,50 - 59 years,3.1,28,"Apr 14 - Apr 26, 2021",2021-04-14,2021-04-26,28.8,27.0,30.7,27.0 - 30.7
5990,Symptoms of Anxiety Disorder or Depressive Disorder,By Age,United States,60 - 69 years,3.1,28,"Apr 14 - Apr 26, 2021",2021-04-14,2021-04-26,22.9,21.4,24.4,21.4 - 24.4
5991,Symptoms of Anxiety Disorder or Depressive Disorder,By Age,United States,70 - 79 years,3.1,28,"Apr 14 - Apr 26, 2021",2021-04-14,2021-04-26,17.9,16.0,19.9,16.0 - 19.9
5992,Symptoms of Anxiety Disorder or Depressive Disorder,By Age,United States,80 years and above,3.1,28,"Apr 14 - Apr 26, 2021",2021-04-14,2021-04-26,17.9,13.3,23.3,13.3 - 23.3
6202,Symptoms of Anxiety Disorder or Depressive Disorder,By Age,United States,18 - 29 years,3.1,29,"Apr 28 - May 10, 2021",2021-04-28,2021-05-10,49.2,46.4,52.0,46.4 - 52.0
6203,Symptoms of Anxiety Disorder or Depressive Disorder,By Age,United States,30 - 39 years,3.1,29,"Apr 28 - May 10, 2021",2021-04-28,2021-05-10,36.5,35.0,38.1,35.0 - 38.1
6204,Symptoms of Anxiety Disorder or Depressive Disorder,By Age,United States,40 - 49 years,3.1,29,"Apr 28 - May 10, 2021",2021-04-28,2021-05-10,31.4,30.1,32.8,30.1 - 32.8
6205,Symptoms of Anxiety Disorder or Depressive Disorder,By Age,United States,50 - 59 years,3.1,29,"Apr 28 - May 10, 2021",2021-04-28,2021-05-10,29.6,28.0,31.3,28.0 - 31.3
6206,Symptoms of Anxiety Disorder or Depressive Disorder,By Age,United States,60 - 69 years,3.1,29,"Apr 28 - May 10, 2021",2021-04-28,2021-05-10,22.5,21.1,24.0,21.1 - 24.0
6207,Symptoms of Anxiety Disorder or Depressive Disorder,By Age,United States,70 - 79 years,3.1,29,"Apr 28 - May 10, 2021",2021-04-28,2021-05-10,16.5,14.9,18.3,14.9 - 18.3
6208,Symptoms of Anxiety Disorder or Depressive Disorder,By Age,United States,80 years and above,3.1,29,"Apr 28 - May 10, 2021",2021-04-28,2021-05-10,18.6,13.8,24.2,13.8 - 24.2
6418,Symptoms of Anxiety Disorder or Depressive Disorder,By Age,United States,18 - 29 years,3.1,30,"May 12 - May 24, 2021",2021-05-12,2021-05-24,45.9,43.1,48.7,43.1 - 48.7
6419,Symptoms of Anxiety Disorder or Depressive Disorder,By Age,United States,30 - 39 years,3.1,30,"May 12 - May 24, 2021",2021-05-12,2021-05-24,37.4,35.6,39.2,35.6 - 39.2
6420,Symptoms of Anxiety Disorder or Depressive Disorder,By Age,United States,40 - 49 years,3.1,30,"May 12 - May 24, 2021",2021-05-12,2021-05-24,32.3,30.7,34.0,30.7 - 34.0
6421,Symptoms of Anxiety Disorder or Depressive Disorder,By Age,United States,50 - 59 years,3.1,30,"May 12 - May 24, 2021",2021-05-12,2021-05-24,28.0,26.6,29.5,26.6 - 29.5
6422,Symptoms of Anxiety Disorder or Depressive Disorder,By Age,United States,60 - 69 years,3.1,30,"May 12 - May 24, 2021",2021-05-12,2021-05-24,21.9,20.1,23.8,20.1 - 23.8
6423,Symptoms of Anxiety Disorder or Depressive Disorder,By Age,United States,70 - 79 years,3.1,30,"May 12 - May 24, 2021",2021-05-12,2021-05-24,16.2,14.4,18.1,14.4 - 18.1
6424,Symptoms of Anxiety Disorder or Depressive Disorder,By Age,United States,80 years and above,3.1,30,"May 12 - May 24, 2021",2021-05-12,2021-05-24,14.0,10.2,18.6,10.2 - 18.6
6634,Symptoms of Anxiety Disorder or Depressive Disorder,By Age,United States,18 - 29 years,3.1,31,"May 26 - Jun 7, 2021",2021-05-26,2021-06-07,43.9,41.0,46.8,41.0 - 46.8
6635,Symptoms of Anxiety Disorder or Depressive Disorder,By Age,United States,30 - 39 years,3.1,31,"May 26 - Jun 7, 2021",2021-05-26,2021-06-07,36.1,34.2,38.1,34.2 - 38.1
6636,Symptoms of Anxiety Disorder or Depressive Disorder,By Age,United States,40 - 49 years,3.1,31,"May 26 - Jun 7, 2021",2021-05-26,2021-06-07,32.9,31.3,34.5,31.3 - 34.5
6637,Symptoms of Anxiety Disorder or Depressive Disorder,By Age,United States,50 - 59 years,3.1,31,"May 26 - Jun 7, 2021",2021-05-26,2021-06-07,27.8,26.6,29.2,26.6 - 29.2
6638,Symptoms of Anxiety Disorder or Depressive Disorder,By Age,United States,60 - 69 years,3.1,31,"May 26 - Jun 7, 2021",2021-05-26,2021-06-07,21.5,20.3,22.7,20.3 - 22.7
6639,Symptoms of Anxiety Disorder or Depressive Disorder,By Age,United States,70 - 79 years,3.1,31,"May 26 - Jun 7, 2021",2021-05-26,2021-06-07,16.3,14.5,18.1,14.5 - 18.1
6640,Symptoms of Anxiety Disorder or Depressive Disorder,By Age,United States,80 years and above,3.1,31,"May 26 - Jun 7, 2021",2021-05-26,2021-06-07,13.4,10.6,16.7,10.6 - 16.7
6850,Symptoms of Anxiety Disorder or Depressive Disorder,By Age,United States,18 - 29 years,3.1,32,"Jun 9 - Jun 21, 2021",2021-06-09,2021-06-21,45.5,43.0,48.0,43.0 - 48.0
6851,Symptoms of Anxiety Disorder or Depressive Disorder,By Age,United States,30 - 39 years,3.1,32,"Jun 9 - Jun 21, 2021",2021-06-09,2021-06-21,37.1,35.4,38.9,35.4 - 38.9
6852,Symptoms of Anxiety Disorder or Depressive Disorder,By Age,United States,40 - 49 years,3.1,32,"Jun 9 - Jun 21, 2021",2021-06-09,2021-06-21,33.4,31.4,35.5,31.4 - 35.5
6853,Symptoms of Anxiety Disorder or Depressive Disorder,By Age,United States,50 - 59 years,3.1,32,"Jun 9 - Jun 21, 2021",2021-06-09,2021-06-21,28.8,27.0,30.6,27.0 - 30.6
6854,Symptoms of Anxiety Disorder or Depressive Disorder,By Age,United States,60 - 69 years,3.1,32,"Jun 9 - Jun 21, 2021",2021-06-09,2021-06-21,22.7,21.3,24.2,21.3 - 24.2
6855,Symptoms of Anxiety Disorder or Depressive Disorder,By Age,United States,70 - 79 years,3.1,32,"Jun 9 - Jun 21, 2021",2021-06-09,2021-06-21,16.3,14.6,18.2,14.6 - 18.2
6856,Symptoms of Anxiety Disorder or Depressive Disorder,By Age,United States,80 years and above,3.1,32,"Jun 9 - Jun 21, 2021",2021-06-09,2021-06-21,9.7,7.7,12.1,7.7 - 12.1
7066,Symptoms of Anxiety Disorder or Depressive Disorder,By Age,United States,18 - 29 years,3.1,33,"Jun 23 - Jul 5, 2021",2021-06-23,2021-07-05,46.6,43.2,50.0,43.2 - 50.0
7067,Symptoms of Anxiety Disorder or Depressive Disorder,By Age,United States,30 - 39 years,3.1,33,"Jun 23 - Jul 5, 2021",2021-06-23,2021-07-05,34.8,33.1,36.6,33.1 - 36.6
7068,Symptoms of Anxiety Disorder or Depressive Disorder,By Age,United States,40 - 49 years,3.1,33,"Jun 23 - Jul 5, 2021",2021-06-23,2021-07-05,31.8,30.0,33.7,30.0 - 33.7
7069,Symptoms of Anxiety Disorder or Depressive Disorder,By Age,United States,50 - 59 years,3.1,33,"Jun 23 - Jul 5, 2021",2021-06-23,2021-07-05,27.1,25.6,28.7,25.6 - 28.7
7070,Symptoms of Anxiety Disorder or Depressive Disorder,By Age,United States,60 - 69 years,3.1,33,"Jun 23 - Jul 5, 2021",2021-06-23,2021-07-05,20.4,19.2,21.6,19.2 - 21.6
7071,Symptoms of Anxiety Disorder or Depressive Disorder,By Age,United States,70 - 79 years,3.1,33,"Jun 23 - Jul 5, 2021",2021-06-23,2021-07-05,14.9,13.3,16.6,13.3 - 16.6
7072,Symptoms of Anxiety Disorder or Depressive Disorder,By Age,United States,80 years and above,3.1,33,"Jun 23 - Jul 5, 2021",2021-06-23,2021-07-05,14.8,11.4,18.7,11.4 - 18.7
7357,Symptoms of Anxiety Disorder or Depressive Disorder,By Age,United States,18 - 29 years,3.2,34,"Jul 21 - Aug 2, 2021",2021-07-21,2021-08-02,51.3,48.6,54.0,48.6 - 54.0
7358,Symptoms of Anxiety Disorder or Depressive Disorder,By Age,United States,30 - 39 years,3.2,34,"Jul 21 - Aug 2, 2021",2021-07-21,2021-08-02,38.6,36.8,40.5,36.8 - 40.5
7359,Symptoms of Anxiety Disorder or Depressive Disorder,By Age,United States,40 - 49 years,3.2,34,"Jul 21 - Aug 2, 2021",2021-07-21,2021-08-02,32.8,31.0,34.7,31.0 - 34.7
7360,Symptoms of Anxiety Disorder or Depressive Disorder,By Age,United States,50 - 59 years,3.2,34,"Jul 21 - Aug 2, 2021",2021-07-21,2021-08-02,27.1,25.5,28.7,25.5 - 28.7
7361,Symptoms of Anxiety Disorder or Depressive Disorder,By Age,United States,60 - 69 years,3.2,34,"Jul 21 - Aug 2, 2021",2021-07-21,2021-08-02,22.1,20.6,23.6,20.6 - 23.6
7362,Symptoms of Anxiety Disorder or Depressive Disorder,By Age,United States,70 - 79 years,3.2,34,"Jul 21 - Aug 2, 2021",2021-07-21,2021-08-02,15.4,13.7,17.2,13.7 - 17.2
7363,Symptoms of Anxiety Disorder or Depressive Disorder,By Age,United States,80 years and above,3.2,34,"Jul 21 - Aug 2, 2021",2021-07-21,2021-08-02,17.1,13.7,20.9,13.7 - 20.9
7591,Symptoms of Anxiety Disorder or Depressive Disorder,By Age,United States,18 - 29 years,3.2,35,"Aug 4 - Aug 16, 2021",2021-08-04,2021-08-16,45.8,43.0,48.6,43.0 - 48.6
7592,Symptoms of Anxiety Disorder or Depressive Disorder,By Age,United States,30 - 39 years,3.2,35,"Aug 4 - Aug 16, 2021",2021-08-04,2021-08-16,40.6,39.0,42.2,39.0 - 42.2
7593,Symptoms of Anxiety Disorder or Depressive Disorder,By Age,United States,40 - 49 years,3.2,35,"Aug 4 - Aug 16, 2021",2021-08-04,2021-08-16,32.8,30.9,34.6,30.9 - 34.6
7594,Symptoms of Anxiety Disorder or Depressive Disorder,By Age,United States,50 - 59 years,3.2,35,"Aug 4 - Aug 16, 2021",2021-08-04,2021-08-16,28.4,26.9,30.0,26.9 - 30.0
7595,Symptoms of Anxiety Disorder or Depressive Disorder,By Age,United States,60 - 69 years,3.2,35,"Aug 4 - Aug 16, 2021",2021-08-04,2021-08-16,21.0,19.5,22.6,19.5 - 22.6
7596,Symptoms of Anxiety Disorder or Depressive Disorder,By Age,United States,70 - 79 years,3.2,35,"Aug 4 - Aug 16, 2021",2021-08-04,2021-08-16,15.4,13.9,16.9,13.9 - 16.9
7597,Symptoms of Anxiety Disorder or Depressive Disorder,By Age,United States,80 years and above,3.2,35,"Aug 4 - Aug 16, 2021",2021-08-04,2021-08-16,16.1,12.0,20.9,12.0 - 20.9
7825,Symptoms of Anxiety Disorder or Depressive Disorder,By Age,United States,18 - 29 years,3.2,36,"Aug 18 - Aug 30, 2021",2021-08-18,2021-08-30,46.7,44.3,49.1,44.3 - 49.1
7826,Symptoms of Anxiety Disorder or Depressive Disorder,By Age,United States,30 - 39 years,3.2,36,"Aug 18 - Aug 30, 2021",2021-08-18,2021-08-30,40.7,38.9,42.5,38.9 - 42.5
7827,Symptoms of Anxiety Disorder or Depressive Disorder,By Age,United States,40 - 49 years,3.2,36,"Aug 18 - Aug 30, 2021",2021-08-18,2021-08-30,35.3,33.8,36.8,33.8 - 36.8
7828,Symptoms of Anxiety Disorder or Depressive Disorder,By Age,United States,50 - 59 years,3.2,36,"Aug 18 - Aug 30, 2021",2021-08-18,2021-08-30,30.6,29.1,32.1,29.1 - 32.1
7829,Symptoms of Anxiety Disorder or Depressive Disorder,By Age,United States,60 - 69 years,3.2,36,"Aug 18 - Aug 30, 2021",2021-08-18,2021-08-30,22.5,21.2,23.8,21.2 - 23.8
7830,Symptoms of Anxiety Disorder or Depressive Disorder,By Age,United States,70 - 79 years,3.2,36,"Aug 18 - Aug 30, 2021",2021-08-18,2021-08-30,16.8,15.1,18.6,15.1 - 18.6
7831,Symptoms of Anxiety Disorder or Depressive Disorder,By Age,United States,80 years and above,3.2,36,"Aug 18 - Aug 30, 2021",2021-08-18,2021-08-30,13.5,10.7,16.7,10.7 - 16.7
8059,Symptoms of Anxiety Disorder or Depressive Disorder,By Age,United States,18 - 29 years,3.2,37,"Sep 1 - Sep 13, 2021",2021-09-01,2021-09-13,50.0,47.1,52.9,47.1 - 52.9
8060,Symptoms of Anxiety Disorder or Depressive Disorder,By Age,United States,30 - 39 years,3.2,37,"Sep 1 - Sep 13, 2021",2021-09-01,2021-09-13,40.5,38.6,42.4,38.6 - 42.4
8061,Symptoms of Anxiety Disorder or Depressive Disorder,By Age,United States,40 - 49 years,3.2,37,"Sep 1 - Sep 13, 2021",2021-09-01,2021-09-13,35.4,33.6,37.4,33.6 - 37.4
8062,Symptoms of Anxiety Disorder or Depressive Disorder,By Age,United States,50 - 59 years,3.2,37,"Sep 1 - Sep 13, 2021",2021-09-01,2021-09-13,29.1,27.1,31.2,27.1 - 31.2
8063,Symptoms of Anxiety Disorder or Depressive Disorder,By Age,United States,60 - 69 years,3.2,37,"Sep 1 - Sep 13, 2021",2021-09-01,2021-09-13,22.3,21.0,23.6,21.0 - 23.6
8064,Symptoms of Anxiety Disorder or Depressive Disorder,By Age,United States,70 - 79 years,3.2,37,"Sep 1 - Sep 13, 2021",2021-09-01,2021-09-13,15.0,13.4,16.6,13.4 - 16.6
8065,Symptoms of Anxiety Disorder or Depressive Disorder,By Age,United States,80 years and above,3.2,37,"Sep 1 - Sep 13, 2021",2021-09-01,2021-09-13,16.8,12.5,21.8,12.5 - 21.8
8293,Symptoms of Anxiety Disorder or Depressive Disorder,By Age,United States,18 - 29 years,3.2,38,"Sep 15 - Sep 27, 2021",2021-09-15,2021-09-27,49.1,45.8,52.5,45.8 - 52.5
8294,Symptoms of Anxiety Disorder or Depressive Disorder,By Age,United States,30 - 39 years,3.2,38,"Sep 15 - Sep 27, 2021",2021-09-15,2021-09-27,38.8,37.1,40.5,37.1 - 40.5
8295,Symptoms of Anxiety Disorder or Depressive Disorder,By Age,United States,40 - 49 years,3.2,38,"Sep 15 - Sep 27, 2021",2021-09-15,2021-09-27,34.2,32.7,35.7,32.7 - 35.7
8296,Symptoms of Anxiety Disorder or Depressive Disorder,By Age,United States,50 - 59 years,3.2,38,"Sep 15 - Sep 27, 2021",2021-09-15,2021-09-27,31.7,29.8,33.6,29.8 - 33.6
8297,Symptoms of Anxiety Disorder or Depressive Disorder,By Age,United States,60 - 69 years,3.2,38,"Sep 15 - Sep 27, 2021",2021-09-15,2021-09-27,23.2,21.9,24.5,21.9 - 24.5
8298,Symptoms of Anxiety Disorder or Depressive Disorder,By Age,United States,70 - 79 years,3.2,38,"Sep 15 - Sep 27, 2021",2021-09-15,2021-09-27,15.2,13.1,17.4,13.1 - 17.4
8299,Symptoms of Anxiety Disorder or Depressive Disorder,By Age,United States,80 years and above,3.2,38,"Sep 15 - Sep 27, 2021",2021-09-15,2021-09-27,16.4,12.7,20.8,12.7 - 20.8
8527,Symptoms of Anxiety Disorder or Depressive Disorder,By Age,United States,18 - 29 years,3.2,39,"Sep 29 - Oct 11, 2021",2021-09-29,2021-10-11,47.7,45.3,50.2,45.3 - 50.2
8528,Symptoms of Anxiety Disorder or Depressive Disorder,By Age,United States,30 - 39 years,3.2,39,"Sep 29 - Oct 11, 2021",2021-09-29,2021-10-11,39.2,37.4,41.0,37.4 - 41.0
8529,Symptoms of Anxiety Disorder or Depressive Disorder,By Age,United States,40 - 49 years,3.2,39,"Sep 29 - Oct 11, 2021",2021-09-29,2021-10-11,35.5,33.4,37.7,33.4 - 37.7
8530,Symptoms of Anxiety Disorder or Depressive Disorder,By Age,United States,50 - 59 years,3.2,39,"Sep 29 - Oct 11, 2021",2021-09-29,2021-10-11,29.4,27.6,31.2,27.6 - 31.2
8531,Symptoms of Anxiety Disorder or Depressive Disorder,By Age,United States,60 - 69 years,3.2,39,"Sep 29 - Oct 11, 2021",2021-09-29,2021-10-11,22.1,20.5,23.8,20.5 - 23.8
8532,Symptoms of Anxiety Disorder or Depressive Disorder,By Age,United States,70 - 79 years,3.2,39,"Sep 29 - Oct 11, 2021",2021-09-29,2021-10-11,15.1,13.3,17.2,13.3 - 17.2
8533,Symptoms of Anxiety Disorder or Depressive Disorder,By Age,United States,80 years and above,3.2,39,"Sep 29 - Oct 11, 2021",2021-09-29,2021-10-11,18.4,13.7,23.9,13.7 - 23.9
8824,Symptoms of Anxiety Disorder or Depressive Disorder,By Age,United States,18 - 29 years,3.3,40,"Dec 1 - Dec 13, 2021",2021-12-01,2021-12-13,44.5,42.2,46.9,42.2 - 46.9
8825,Symptoms of Anxiety Disorder or Depressive Disorder,By Age,United States,30 - 39 years,3.3,40,"Dec 1 - Dec 13, 2021",2021-12-01,2021-12-13,37.2,35.3,39.2,35.3 - 39.2
8826,Symptoms of Anxiety Disorder or Depressive Disorder,By Age,United States,40 - 49 years,3.3,40,"Dec 1 - Dec 13, 2021",2021-12-01,2021-12-13,35.4,33.6,37.1,33.6 - 37.1
8827,Symptoms of Anxiety Disorder or Depressive Disorder,By Age,United States,50 - 59 years,3.3,40,"Dec 1 - Dec 13, 2021",2021-12-01,2021-12-13,29.7,27.8,31.6,27.8 - 31.6
8828,Symptoms of Anxiety Disorder or Depressive Disorder,By Age,United States,60 - 69 years,3.3,40,"Dec 1 - Dec 13, 2021",2021-12-01,2021-12-13,21.0,19.5,22.7,19.5 - 22.7
8829,Symptoms of Anxiety Disorder or Depressive Disorder,By Age,United States,70 - 79 years,3.3,40,"Dec 1 - Dec 13, 2021",2021-12-01,2021-12-13,14.2,12.5,16.2,12.5 - 16.2
8830,Symptoms of Anxiety Disorder or Depressive Disorder,By Age,United States,80 years and above,3.3,40,"Dec 1 - Dec 13, 2021",2021-12-01,2021-12-13,17.4,11.6,24.5,11.6 - 24.5
9058,Symptoms of Anxiety Disorder or Depressive Disorder,By Age,United States,18 - 29 years,3.3,41,"Dec 29, 2021 - Jan 10, 2022",2021-12-29,2022-01-10,47.5,44.9,50.2,44.9 - 50.2
9059,Symptoms of Anxiety Disorder or Depressive Disorder,By Age,United States,30 - 39 years,3.3,41,"Dec 29, 2021 - Jan 10, 2022",2021-12-29,2022-01-10,39.8,38.1,41.6,38.1 - 41.6
9060,Symptoms of Anxiety Disorder or Depressive Disorder,By Age,United States,40 - 49 years,3.3,41,"Dec 29, 2021 - Jan 10, 2022",2021-12-29,2022-01-10,35.2,33.6,36.9,33.6 - 36.9
9061,Symptoms of Anxiety Disorder or Depressive Disorder,By Age,United States,50 - 59 years,3.3,41,"Dec 29, 2021 - Jan 10, 2022",2021-12-29,2022-01-10,29.8,28.2,31.5,28.2 - 31.5
9062,Symptoms of Anxiety Disorder or Depressive Disorder,By Age,United States,60 - 69 years,3.3,41,"Dec 29, 2021 - Jan 10, 2022",2021-12-29,2022-01-10,22.7,21.3,24.0,21.3 - 24.0
9063,Symptoms of Anxiety Disorder or Depressive Disorder,By Age,United States,70 - 79 years,3.3,41,"Dec 29, 2021 - Jan 10, 2022",2021-12-29,2022-01-10,16.1,14.4,18.0,14.4 - 18.0
9064,Symptoms of Anxiety Disorder or Depressive Disorder,By Age,United States,80 years and above,3.3,41,"Dec 29, 2021 - Jan 10, 2022",2021-12-29,2022-01-10,15.0,11.9,18.6,11.9 - 18.6
9292,Symptoms of Anxiety Disorder or Depressive Disorder,By Age,United States,18 - 29 years,3.3,42,"Jan 26 - Feb 7, 2022",2022-01-26,2022-02-07,46.7,44.3,49.0,44.3 - 49.0
9293,Symptoms of Anxiety Disorder or Depressive Disorder,By Age,United States,30 - 39 years,3.3,42,"Jan 26 - Feb 7, 2022",2022-01-26,2022-02-07,41.6,39.9,43.2,39.9 - 43.2
9294,Symptoms of Anxiety Disorder or Depressive Disorder,By Age,United States,40 - 49 years,3.3,42,"Jan 26 - Feb 7, 2022",2022-01-26,2022-02-07,33.0,31.3,34.7,31.3 - 34.7
9295,Symptoms of Anxiety Disorder or Depressive Disorder,By Age,United States,50 - 59 years,3.3,42,"Jan 26 - Feb 7, 2022",2022-01-26,2022-02-07,29.6,28.3,30.8,28.3 - 30.8
9296,Symptoms of Anxiety Disorder or Depressive Disorder,By Age,United States,60 - 69 years,3.3,42,"Jan 26 - Feb 7, 2022",2022-01-26,2022-02-07,22.9,21.8,24.1,21.8 - 24.1
9297,Symptoms of Anxiety Disorder or Depressive Disorder,By Age,United States,70 - 79 years,3.3,42,"Jan 26 - Feb 7, 2022",2022-01-26,2022-02-07,14.9,13.6,16.2,13.6 - 16.2
9298,Symptoms of Anxiety Disorder or Depressive Disorder,By Age,United States,80 years and above,3.3,42,"Jan 26 - Feb 7, 2022",2022-01-26,2022-02-07,12.0,9.5,14.8,9.5 - 14.8
9607,Symptoms of Anxiety Disorder or Depressive Disorder,By Age,United States,18 - 29 years,3.4,43,"Mar 2 - Mar 14, 2022",2022-03-02,2022-03-14,48.4,45.9,50.8,45.9 - 50.8
9608,Symptoms of Anxiety Disorder or Depressive Disorder,By Age,United States,30 - 39 years,3.4,43,"Mar 2 - Mar 14, 2022",2022-03-02,2022-03-14,39.4,37.6,41.3,37.6 - 41.3
9609,Symptoms of Anxiety Disorder or Depressive Disorder,By Age,United States,40 - 49 years,3.4,43,"Mar 2 - Mar 14, 2022",2022-03-02,2022-03-14,33.3,32.1,34.5,32.1 - 34.5
9610,Symptoms of Anxiety Disorder or Depressive Disorder,By Age,United States,50 - 59 years,3.4,43,"Mar 2 - Mar 14, 2022",2022-03-02,2022-03-14,28.5,27.2,29.7,27.2 - 29.7
9611,Symptoms of Anxiety Disorder or Depressive Disorder,By Age,United States,60 - 69 years,3.4,43,"Mar 2 - Mar 14, 2022",2022-03-02,2022-03-14,22.5,21.5,23.6,21.5 - 23.6
9612,Symptoms of Anxiety Disorder or Depressive Disorder,By Age,United States,70 - 79 years,3.4,43,"Mar 2 - Mar 14, 2022",2022-03-02,2022-03-14,16.1,14.6,17.6,14.6 - 17.6
9613,Symptoms of Anxiety Disorder or Depressive Disorder,By Age,United States,80 years and above,3.4,43,"Mar 2 - Mar 14, 2022",2022-03-02,2022-03-14,17.8,13.7,22.4,13.7 - 22.4
9841,Symptoms of Anxiety Disorder or Depressive Disorder,By Age,United States,18 - 29 years,3.4,44,"Mar 30 - Apr 11, 2022",2022-03-30,2022-04-11,47.5,44.9,50.1,44.9 - 50.1
9842,Symptoms of Anxiety Disorder or Depressive Disorder,By Age,United States,30 - 39 years,3.4,44,"Mar 30 - Apr 11, 2022",2022-03-30,2022-04-11,39.7,37.7,41.8,37.7 - 41.8
9843,Symptoms of Anxiety Disorder or Depressive Disorder,By Age,United States,40 - 49 years,3.4,44,"Mar 30 - Apr 11, 2022",2022-03-30,2022-04-11,33.3,31.2,35.5,31.2 - 35.5
9844,Symptoms of Anxiety Disorder or Depressive Disorder,By Age,United States,50 - 59 years,3.4,44,"Mar 30 - Apr 11, 2022",2022-03-30,2022-04-11,29.3,27.8,30.8,27.8 - 30.8
9845,Symptoms of Anxiety Disorder or Depressive Disorder,By Age,United States,60 - 69 years,3.4,44,"Mar 30 - Apr 11, 2022",2022-03-30,2022-04-11,21.6,20.0,23.4,20.0 - 23.4
9846,Symptoms of Anxiety Disorder or Depressive Disorder,By Age,United States,70 - 79 years,3.4,44,"Mar 30 - Apr 11, 2022",2022-03-30,2022-04-11,16.1,14.3,18.1,14.3 - 18.1
9847,Symptoms of Anxiety Disorder or Depressive Disorder,By Age,United States,80 years and above,3.4,44,"Mar 30 - Apr 11, 2022",2022-03-30,2022-04-11,11.8,8.6,15.7,8.6 - 15.7
10075,Symptoms of Anxiety Disorder or Depressive Disorder,By Age,United States,18 - 29 years,3.4,45,"Apr 27 - May 9, 2022",2022-04-27,2022-05-09,45.7,42.1,49.4,42.1 - 49.4
10076,Symptoms of Anxiety Disorder or Depressive Disorder,By Age,United States,30 - 39 years,3.4,45,"Apr 27 - May 9, 2022",2022-04-27,2022-05-09,40.6,38.5,42.8,38.5 - 42.8
10077,Symptoms of Anxiety Disorder or Depressive Disorder,By Age,United States,40 - 49 years,3.4,45,"Apr 27 - May 9, 2022",2022-04-27,2022-05-09,34.7,33.1,36.4,33.1 - 36.4
10078,Symptoms of Anxiety Disorder or Depressive Disorder,By Age,United States,50 - 59 years,3.4,45,"Apr 27 - May 9, 2022",2022-04-27,2022-05-09,29.4,27.8,31.2,27.8 - 31.2
10079,Symptoms of Anxiety Disorder or Depressive Disorder,By Age,United States,60 - 69 years,3.4,45,"Apr 27 - May 9, 2022",2022-04-27,2022-05-09,19.6,18.3,21.0,18.3 - 21.0
10080,Symptoms of Anxiety Disorder or Depressive Disorder,By Age,United States,70 - 79 years,3.4,45,"Apr 27 - May 9, 2022",2022-04-27,2022-05-09,15.5,13.4,17.8,13.4 - 17.8
10081,Symptoms of Anxiety Disorder or Depressive Disorder,By Age,United States,80 years and above,3.4,45,"Apr 27 - May 9, 2022",2022-04-27,2022-05-09,11.8,8.6,15.7,8.6 - 15.7
10390,Symptoms of Anxiety Disorder or Depressive Disorder,By Age,United States,18 - 29 years,3.5,46,"Jun 1 - Jun 13, 2022",2022-06-01,2022-06-13,50.0,47.0,52.9,47.0 - 52.9
10391,Symptoms of Anxiety Disorder or Depressive Disorder,By Age,United States,30 - 39 years,3.5,46,"Jun 1 - Jun 13, 2022",2022-06-01,2022-06-13,39.5,37.9,41.2,37.9 - 41.2
10392,Symptoms of Anxiety Disorder or Depressive Disorder,By Age,United States,40 - 49 years,3.5,46,"Jun 1 - Jun 13, 2022",2022-06-01,2022-06-13,34.1,32.0,36.3,32.0 - 36.3
10393,Symptoms of Anxiety Disorder or Depressive Disorder,By Age,United States,50 - 59 years,3.5,46,"Jun 1 - Jun 13, 2022",2022-06-01,2022-06-13,31.9,29.9,33.9,29.9 - 33.9
10394,Symptoms of Anxiety Disorder or Depressive Disorder,By Age,United States,60 - 69 years,3.5,46,"Jun 1 - Jun 13, 2022",2022-06-01,2022-06-13,24.6,23.2,26.1,23.2 - 26.1
10395,Symptoms of Anxiety Disorder or Depressive Disorder,By Age,United States,70 - 79 years,3.5,46,"Jun 1 - Jun 13, 2022",2022-06-01,2022-06-13,15.9,14.5,17.3,14.5 - 17.3
10396,Symptoms of Anxiety Disorder or Depressive Disorder,By Age,United States,80 years and above,3.5,46,"Jun 1 - Jun 13, 2022",2022-06-01,2022-06-13,19.6,15.0,25.0,15.0 - 25.0
10624,Symptoms of Anxiety Disorder or Depressive Disorder,By Age,United States,18 - 29 years,3.5,47,"Jun 29 - Jul 11, 2022",2022-06-29,2022-07-11,49.7,46.8,52.6,46.8 - 52.6
10625,Symptoms of Anxiety Disorder or Depressive Disorder,By Age,United States,30 - 39 years,3.5,47,"Jun 29 - Jul 11, 2022",2022-06-29,2022-07-11,41.0,39.0,43.0,39.0 - 43.0
10626,Symptoms of Anxiety Disorder or Depressive Disorder,By Age,United States,40 - 49 years,3.5,47,"Jun 29 - Jul 11, 2022",2022-06-29,2022-07-11,36.9,35.1,38.8,35.1 - 38.8
10627,Symptoms of Anxiety Disorder or Depressive Disorder,By Age,United States,50 - 59 years,3.5,47,"Jun 29 - Jul 11, 2022",2022-06-29,2022-07-11,31.7,30.0,33.5,30.0 - 33.5
10628,Symptoms of Anxiety Disorder or Depressive Disorder,By Age,United States,60 - 69 years,3.5,47,"Jun 29 - Jul 11, 2022",2022-06-29,2022-07-11,22.9,21.4,24.4,21.4 - 24.4
10629,Symptoms of Anxiety Disorder or Depressive Disorder,By Age,United States,70 - 79 years,3.5,47,"Jun 29 - Jul 11, 2022",2022-06-29,2022-07-11,17.7,15.7,19.8,15.7 - 19.8
10630,Symptoms of Anxiety Disorder or Depressive Disorder,By Age,United States,80 years and above,3.5,47,"Jun 29 - Jul 11, 2022",2022-06-29,2022-07-11,18.7,13.8,24.3,13.8 - 24.3
